Catcher,Pitcher,Hitter,Pitch type,Thrown strike? (Don't count swings at balls),Swing?,Balls before pitch,Strikes before pitch,Outs,1B occupied?,2B occupied,3B occupied,
Simms,Burns,Rak,4-seam fastball,TRUE,TRUE,0,0,0,FALSE,FALSE,FALSE,
,,Rak,Slider,FALSE,FALSE,0,1,0,FALSE,FALSE,FALSE,
,,Rak,4-seam fastball,FALSE,FALSE,1,1,0,FALSE,FALSE,FALSE,
,,rak,4-seam fastball,TRUE,TRUE,2,2,0,FALSE,FALSE,FALSE,
,,rak,4-seam fastball,FALSE,FALSE,3,2,0,FALSE,FALSE,FALSE,
,,rak,4-seam fastball,FALSE,FALSE,3,2,0,FALSE,FALSE,FALSE,
,,plant,4-seam fastball,TRUE,FALSE,0,0,0,TRUE,FALSE,FALSE,
,,plant,Curveball,TRUE,TRUE,0,1,0,TRUE,FALSE,FALSE,
,,Parker,4-seam fastball,TRUE,TRUE,0,0,2,FALSE,FALSE,FALSE,
,,Parker,4-seam fastball,TRUE,TRUE,0,1,,FALSE,FALSE,FALSE,
Simon,Jakin,Dame,4-seam fastball,FALSE,FALSE,0,0,0,FALSE,FALSE,FALSE,
,,Dame,4-seam fastball,FALSE,FALSE,1,0,0,FALSE,FALSE,FALSE,
,,Dame,Curveball,FALSE,FALSE,2,0,0,FALSE,FALSE,FALSE,
,,Dame,4-seam fastball,TRUE,TRUE,3,0,0,FALSE,FALSE,FALSE,
,,Dame,4-seam fastball,TRUE,TRUE,3,1,0,FALSE,FALSE,FALSE,
,,Dame,4-seam fastball,TRUE,TRUE,3,2,0,FALSE,FALSE,FALSE,
,,Aryo,4-seam fastball,TRUE,TRUE,0,0,0,TRUE,FALSE,FALSE,
,,Aryo,4-seam fastball,TRUE,TRUE,0,1,0,FALSE,FALSE,FALSE,
,,Aryo,4-seam fastball,TRUE,FALSE,0,2,0,FALSE,FALSE,FALSE,
,,Simms,4-seam fastball,TRUE,TRUE,0,0,1,FALSE,FALSE,FALSE,
,,Fast,4-seam fastball,TRUE,TRUE,0,0,1,TRUE,FALSE,FALSE,
,,Fast,4-seam fastball,FALSE,FALSE,0,1,2,FALSE,TRUE,FALSE,
,,Fast,4-seam fastball,FALSE,FALSE,1,1,2,FALSE,FALSE,FALSE,
,,fast,4-seam fastball,FALSE,FALSE,2,1,2,FALSE,FALSE,FALSE,
,,Rak,4-seam fastball,FALSE,FALSE,0,0,2,TRUE,TRUE,FALSE,
,,Rak,4-seam fastball,FALSE,FALSE,1,0,2,TRUE,TRUE,FALSE,
,,Rak,Curveball,TRUE,FALSE,2,0,2,TRUE,TRUE,FALSE,
,,Rak,4-seam fastball,FALSE,FALSE,2,1,2,FALSE,FALSE,FALSE,
,,Rak,4-seam fastball,TRUE,FALSE,3,1,2,FALSE,FALSE,FALSE,
,,Rak,4-seam fastball,TRUE,TRUE,3,2,2,FALSE,FALSE,FALSE,
,,Rak,Curveball,FALSE,FALSE,3,2,2,FALSE,FALSE,FALSE,
,,Plant,Curveball,FALSE,FALSE,0,0,2,TRUE,TRUE,TRUE,
,,Plant,4-seam fastball,FALSE,FALSE,1,0,2,FALSE,FALSE,FALSE,
,,Plant,Curveball,TRUE,FALSE,1,1,2,FALSE,FALSE,FALSE,
,,Plant,4-seam fastball,TRUE,TRUE,1,2,2,FALSE,FALSE,FALSE,
,,Parker,Curveball,FALSE,FALSE,0,0,2,TRUE,TRUE,FALSE,
,,Parker,4-seam fastball,FALSE,FALSE,1,0,2,FALSE,FALSE,FALSE,
,,Parker,4-seam fastball,TRUE,TRUE,2,1,2,FALSE,FALSE,FALSE,
,,Parker,4-seam fastball,TRUE,FALSE,2,2,2,FALSE,FALSE,FALSE,
,,Parker,4-seam fastball,FALSE,FALSE,2,2,2,FALSE,FALSE,FALSE,
,,Parker,Curveball,TRUE,FALSE,3,2,3,FALSE,FALSE,FALSE,
Simms,Burns,Dame,4-seam fastball,TRUE,TRUE,0,0,0,FALSE,FALSE,FALSE,
,,Dame,Curveball,FALSE,FALSE,0,1,0,FALSE,FALSE,FALSE,
,,Dame,4-seam fastball,FALSE,FALSE,1,1,0,FALSE,FALSE,FALSE,
,,Dame,Cutter,FALSE,FALSE,2,1,0,FALSE,FALSE,FALSE,
,,Dame,4-seam fastball,TRUE,TRUE,3,1,0,FALSE,FALSE,FALSE,
,,Dame,4-seam fastball,FALSE,FALSE,3,2,0,FALSE,FALSE,FALSE,
,,Aryo,4-seam fastball,FALSE,FALSE,0,0,0,TRUE,FALSE,FALSE,
,,Aryo,4-seam fastball,FALSE,TRUE,1,0,0,FALSE,TRUE,FALSE,
,,Aryo,4-seam fastball,FALSE,FALSE,1,1,0,FALSE,FALSE,FALSE,
,,Aryo,4-seam fastball,FALSE,FALSE,2,1,0,FALSE,FALSE,FALSE,
,,Aryo,4-seam fastball,FALSE,FALSE,3,1,0,FALSE,FALSE,FALSE,
,,Simon,4-seam fastball,TRUE,TRUE,0,0,0,TRUE,FALSE,TRUE,
,,Simon ,4-seam fastball,TRUE,TRUE,0,1,0,FALSE,FALSE,FALSE,
,,Simon,4-seam fastball,FALSE,TRUE,0,2,0,FALSE,FALSE,FALSE,
,,Fast,Changeup,FALSE,FALSE,0,0,1,FALSE,FALSE,FALSE,
,,Fast,4-seam fastball,TRUE,TRUE,1,1,1,FALSE,FALSE,FALSE,
,,Fast,4-seam fastball,TRUE,TRUE,1,2,1,FALSE,FALSE,FALSE,
,,Fast,Cutter,TRUE,TRUE,1,2,1,FALSE,FALSE,FALSE,
,,Rak,4-seam fastball,TRUE,TRUE,0,0,2,TRUE,FALSE,TRUE,
,,Rak,Changeup,TRUE,TRUE,0,1,2,FALSE,FALSE,FALSE,
,,Rak,4-seam fastball,FALSE,FALSE,0,2,2,TRUE,FALSE,TRUE,
,,Rak,Cutter,FALSE,FALSE,1,2,2,FALSE,FALSE,FALSE,
,,Rak,4-seam fastball,FALSE,FALSE,2,2,2,FALSE,FALSE,FALSE,
,,Rak,4-seam fastball,FALSE,FALSE,3,2,2,FALSE,FALSE,FALSE,
,,Plant,4-seam fastball,FALSE,FALSE,0,0,2,TRUE,TRUE,TRUE,
,,Plant,Curveball,TRUE,FALSE,1,0,2,FALSE,FALSE,FALSE,
,,Plant,4-seam fastball,TRUE,FALSE,1,1,2,FALSE,FALSE,FALSE,
,,Plant,Cutter,FALSE,FALSE,1,2,2,FALSE,FALSE,FALSE,
,,Plant,4-seam fastball,TRUE,TRUE,2,2,2,FALSE,FALSE,FALSE,
Simon,Jakin,Aryo,Curveball,TRUE,FALSE,0,0,2,FALSE,FALSE,FALSE,
,,Aryo,4-seam fastball,TRUE,TRUE,0,1,2,FALSE,FALSE,FALSE,
,,Aryo,Curveball,TRUE,FALSE,0,2,2,FALSE,FALSE,FALSE,
Simms,Burns,Simon,4-seam fastball,FALSE,FALSE,0,0,0,FALSE,FALSE,FALSE,
,,Simon,4-seam fastball,TRUE,FALSE,1,0,0,FALSE,FALSE,FALSE,
,,Simon,4-seam fastball,TRUE,TRUE,1,1,0,FALSE,FALSE,FALSE,
,,Simon,Cutter,FALSE,FALSE,1,2,0,FALSE,FALSE,FALSE,
,,Simon,4-seam fastball,TRUE,FALSE,2,2,0,FALSE,FALSE,FALSE,
,,Fast,Cutter,FALSE,FALSE,0,0,1,FALSE,FALSE,FALSE,
,,Fast,Changeup,TRUE,TRUE,1,0,1,FALSE,FALSE,FALSE,
,,Fast,4-seam fastball,FALSE,FALSE,1,1,1,FALSE,FALSE,FALSE,
,,Fast,4-seam fastball,TRUE,TRUE,2,1,1,FALSE,FALSE,FALSE,
,,Fast,Changeup,TRUE,TRUE,2,2,1,FALSE,FALSE,FALSE,
Simon,Jakin,Rak,4-seam fastball,TRUE,TRUE,0,0,0,FALSE,FALSE,FALSE,
,,Rak,Changeup,FALSE,FALSE,0,1,0,FALSE,FALSE,FALSE,
,,Rak,4-seam fastball,TRUE,TRUE,1,1,0,FALSE,FALSE,FALSE,
,,Rak,Changeup,FALSE,FALSE,1,2,0,FALSE,FALSE,FALSE,
,,Rak,4-seam fastball,FALSE,FALSE,2,2,0,FALSE,FALSE,FALSE,
,,Rak,4-seam fastball,FALSE,FALSE,3,2,0,FALSE,FALSE,FALSE,
Simms,Eddie,Plant,Slider,FALSE,FALSE,0,0,0,FALSE,FALSE,FALSE,
,,Plant,4-seam fastball,FALSE,FALSE,1,0,0,FALSE,FALSE,FALSE,HBP
,,Parker,4-seam fastball,FALSE,FALSE,0,0,0,TRUE,FALSE,FALSE,
,,Parker,4-seam fastball,FALSE,FALSE,1,0,0,FALSE,FALSE,FALSE,
,,Dame,Slider,TRUE,FALSE,1,1,0,FALSE,FALSE,FALSE,
,,Dame,4-seam fastball,FALSE,FALSE,1,1,2,FALSE,FALSE,FALSE,
,,Dame,4-seam fastball,FALSE,FALSE,2,1,2,FALSE,FALSE,FALSE,
,,Dame,4-seam fastball,TRUE,TRUE,2,2,2,FALSE,FALSE,FALSE,
,,Aryo,4-seam fastball,FALSE,FALSE,0,0,2,TRUE,FALSE,FALSE,
,,Aryo,4-seam fastball,FALSE,FALSE,1,0,2,TRUE,FALSE,FALSE,
,,Aryo,4-seam fastball,TRUE,TRUE,2,0,2,TRUE,FALSE,FALSE,
,,Aryo,Changeup,FALSE,TRUE,2,1,2,TRUE,FALSE,FALSE,
,,Aryo,4-seam fastball,TRUE,TRUE,2,2,2,FALSE,FALSE,FALSE,
,,Aryo,Changeup,FALSE,TRUE,2,2,2,FALSE,FALSE,FALSE,
Simon,Linder,Simms,4-seam fastball,TRUE,FALSE,0,0,0,FALSE,FALSE,FALSE,
,,Simms ,4-seam fastball,TRUE,TRUE,0,1,0,FALSE,FALSE,FALSE,
,,Simms,4-seam fastball,FALSE,FALSE,0,2,0,FALSE,FALSE,FALSE,
,,Simms,4-seam fastball,TRUE,TRUE,1,2,0,FALSE,FALSE,FALSE,
,,Simms,Curveball,FALSE,FALSE,1,2,0,FALSE,FALSE,FALSE,
,,Simms,4-seam fastball,FALSE,FALSE,2,2,0,FALSE,FALSE,FALSE,
,,Simms,4-seam fastball,FALSE,FALSE,3,2,0,FALSE,FALSE,FALSE,BB
,,Fast,4-seam fastball,TRUE,TRUE,0,0,0,TRUE,FALSE,FALSE,
,,Rak,4-seam fastball,TRUE,TRUE,0,0,2,FALSE,FALSE,FALSE,
,,Rak,Changeup,FALSE,FALSE,0,1,2,FALSE,FALSE,FALSE,
,,Rak,4-seam fastball,TRUE,FALSE,1,1,2,FALSE,FALSE,FALSE,
,,Rak,4-seam fastball,FALSE,FALSE,1,2,2,FALSE,FALSE,FALSE,
,,Rak,4-seam fastball,FALSE,FALSE,2,2,2,FALSE,FALSE,FALSE,
,,Rak,4-seam fastball,FALSE,FALSE,3,2,2,FALSE,FALSE,FALSE,
,,Plant,Changeup,FALSE,FALSE,0,0,2,TRUE,FALSE,FALSE,
,,Plant,4-seam fastball,FALSE,FALSE,1,0,2,FALSE,FALSE,FALSE,
Simms,Eddie,Parker,Slider,TRUE,FALSE,0,0,0,FALSE,FALSE,FALSE,
,,Parker,4-seam fastball,TRUE,TRUE,0,1,0,FALSE,FALSE,FALSE,
,,Parker,Slider,FALSE,FALSE,0,2,0,FALSE,FALSE,FALSE,
,,Parker,Slider,FALSE,FALSE,1,2,0,FALSE,FALSE,FALSE,
,,Parker,4-seam fastball,FALSE,FALSE,2,2,0,FALSE,FALSE,FALSE,
,,Parker,4-seam fastball,FALSE,TRUE,2,2,0,FALSE,FALSE,FALSE,
,,Parker,Slider,TRUE,TRUE,2,2,0,FALSE,FALSE,FALSE,
,,Dame,4-seam fastball,FALSE,FALSE,0,0,1,FALSE,FALSE,FALSE,
,,Dame,Slider,TRUE,FALSE,1,0,1,FALSE,FALSE,FALSE,
,,Dame,Slider,FALSE,FALSE,1,1,1,FALSE,FALSE,FALSE,
,,Dame,4-seam fastball,FALSE,FALSE,2,1,1,FALSE,FALSE,FALSE,
,,Dame,4-seam fastball,TRUE,TRUE,3,1,1,FALSE,FALSE,FALSE,
,,Dame,Slider,FALSE,FALSE,3,2,1,FALSE,FALSE,FALSE,BB
,,Aryo,4-seam fastball,FALSE,FALSE,0,0,1,TRUE,FALSE,FALSE,
,,Aryo,4-seam fastball,FALSE,TRUE,1,0,1,TRUE,FALSE,FALSE,
,,Aryo,4-seam fastball,FALSE,TRUE,1,1,1,TRUE,FALSE,FALSE,
,,Aryo,Sinker,FALSE,TRUE,1,2,1,TRUE,FALSE,FALSE,
,,Simon,Slider,FALSE,FALSE,0,0,2,TRUE,FALSE,FALSE,
,,Simon,4-seam fastball,TRUE,TRUE,1,0,2,FALSE,TRUE,FALSE,
,,Simon,4-seam fastball,TRUE,TRUE,1,1,2,FALSE,TRUE,FALSE,
,,Simon,Slider,FALSE,TRUE,1,2,2,FALSE,TRUE,FALSE,
Simon,Linder,Fast,4-seam fastball,FALSE,FALSE,0,0,0,FALSE,FALSE,FALSE,
,,Fast,4-seam fastball,TRUE,TRUE,1,0,0,FALSE,FALSE,FALSE,
,,Fast,4-seam fastball,FALSE,FALSE,1,1,0,FALSE,FALSE,FALSE,
,,Fast,4-seam fastball,FALSE,FALSE,2,1,0,FALSE,FALSE,FALSE,
,,Fast,4-seam fastball,FALSE,FALSE,3,1,0,FALSE,FALSE,FALSE,BB
,,Burns,4-seam fastball,FALSE,FALSE,0,0,0,TRUE,FALSE,FALSE,
,,Burns,4-seam fastball,FALSE,FALSE,1,0,0,TRUE,FALSE,FALSE,
,,Burns,4-seam fastball,FALSE,FALSE,2,0,0,TRUE,FALSE,FALSE,
,,Burns,4-seam fastball,TRUE,FALSE,3,0,0,FALSE,TRUE,FALSE,
,,Burns,4-seam fastball,TRUE,FALSE,3,1,,FALSE,TRUE,FALSE,
,,Burns,4-seam fastball,FALSE,FALSE,3,2,0,FALSE,TRUE,FALSE,BB
,,Rak,4-seam fastball,TRUE,TRUE,0,0,0,TRUE,TRUE,FALSE,
,,Plant,4-seam fastball,FALSE,FALSE,0,0,2,FALSE,FALSE,FALSE,
,,Plant,4-seam fastball,FALSE,FALSE,1,0,2,FALSE,FALSE,TRUE,
,,Plant,4-seam fastball,TRUE,TRUE,2,2,2,FALSE,FALSE,FALSE,
Simms,Eddie,Parker,Sinker,TRUE,TRUE,0,0,0,FALSE,FALSE,FALSE,
,,Dame,4-seam fastball,FALSE,FALSE,0,0,0,TRUE,FALSE,FALSE,
,,Dame,Slider,FALSE,FALSE,1,0,0,TRUE,FALSE,FALSE,
,,Dame,4-seam fastball,FALSE,FALSE,2,0,0,TRUE,FALSE,FALSE,
,,Dame,4-seam fastball,TRUE,FALSE,3,0,0,FALSE,TRUE,FALSE,
,,Dame,4-seam fastball,FALSE,FALSE,3,1,0,FALSE,TRUE,FALSE,
,,Dame,4-seam fastball,FALSE,FALSE,,,,FALSE,FALSE,FALSE,BB
Parker,Darius,T. Burton,4-seam fastball,FALSE,FALSE,0,0,0,FALSE,FALSE,FALSE,
,,T. Burton,4-seam fastball,FALSE,FALSE,1,0,0,FALSE,FALSE,FALSE,
,,T. Burton,4-seam fastball,TRUE,TRUE,2,0,0,FALSE,FALSE,FALSE,
,,T. Burton,Changeup,FALSE,FALSE,2,1,0,FALSE,FALSE,FALSE,
,,T. Burton,4-seam fastball,TRUE,TRUE,3,1,,FALSE,FALSE,FALSE,
,,Dom,Slider,FALSE,FALSE,0,0,1,FALSE,FALSE,FALSE,
,,Dom,4-seam fastball,FALSE,FALSE,1,0,1,FALSE,FALSE,FALSE,
,,Dom,4-seam fastball,FALSE,FALSE,2,0,1,FALSE,FALSE,FALSE,
,,Dom,Changeup,TRUE,TRUE,2,1,1,FALSE,FALSE,FALSE,
,,Dom,4-seam fastball,TRUE,TRUE,3,1,1,FALSE,FALSE,FALSE,
,,Horn,Changeup,TRUE,FALSE,0,0,2,FALSE,FALSE,FALSE,
,,Horn,4-seam fastball,FALSE,FALSE,0,1,2,FALSE,FALSE,FALSE,
,,Horn,4-seam fastball,TRUE,TRUE,1,1,2,FALSE,FALSE,FALSE,
,,Horn,Changeup,FALSE,FALSE,1,2,2,FALSE,FALSE,FALSE,
,,Horn,4-seam fastball,FALSE,FALSE,2,2,2,FALSE,FALSE,FALSE,
,,Horn,4-seam fastball,FALSE,FALSE,3,2,2,FALSE,FALSE,FALSE,
,,Dex,Slider,FALSE,FALSE,0,0,2,TRUE,FALSE,FALSE,
,,Dex,4-seam fastball,TRUE,TRUE,1,0,2,TRUE,FALSE,FALSE,
,,Dex,4-seam fastball,TRUE,TRUE,1,1,2,TRUE,FALSE,FALSE,
,,Dex,Changeup,FALSE,FALSE,1,2,2,TRUE,FALSE,FALSE,
,,Dex,4-seam fastball,TRUE,FALSE,2,2,2,TRUE,FALSE,FALSE,
Dame,Patrick,B.Burton,4-seam fastball,TRUE,TRUE,0,0,0,FALSE,FALSE,FALSE,
,,B.Burton,Curveball,FALSE,FALSE,0,1,0,FALSE,FALSE,FALSE,
,,B.Burton,4-seam fastball,FALSE,FALSE,1,1,0,FALSE,FALSE,FALSE,
,,B.Burton,4-seam fastball,FALSE,FALSE,2,1,0,FALSE,FALSE,FALSE,
,,B.Burton,4-seam fastball,TRUE,TRUE,3,1,0,FALSE,FALSE,FALSE,
,,B.Burton,4-seam fastball,FALSE,FALSE,3,2,0,FALSE,FALSE,FALSE,bb
,,Jax,4-seam fastball,TRUE,TRUE,0,0,0,TRUE,FALSE,FALSE,
,,Parker,4-seam fastball,FALSE,FALSE,0,0,2,FALSE,FALSE,FALSE,
,,Parker,4-seam fastball,TRUE,TRUE,1,0,2,FALSE,FALSE,FALSE,
Parker,Darius,T. Burton,4-seam fastball,TRUE,FALSE,0,0,0,FALSE,FALSE,FALSE,
,,T. Burton,Changeup,FALSE,FALSE,0,1,0,FALSE,FALSE,FALSE,
,,T. Burton,Slider,FALSE,FALSE,1,1,0,FALSE,FALSE,FALSE,
,,T. Burton,4-seam fastball,FALSE,FALSE,2,1,0,FALSE,FALSE,FALSE,
,,T. Burton,4-seam fastball,FALSE,FALSE,3,1,0,FALSE,FALSE,FALSE,BB
,,Dom,4-seam fastball,TRUE,TRUE,0,0,0,TRUE,FALSE,FALSE,
,,Dom,Slider,FALSE,FALSE,0,1,0,TRUE,FALSE,FALSE,
,,Dom,4-seam fastball,TRUE,TRUE,1,1,0,TRUE,FALSE,FALSE,
,,Dom,4-seam fastball,TRUE,TRUE,1,2,0,TRUE,FALSE,FALSE,
,,Horn,4-seam fastball,TRUE,TRUE,0,0,0,TRUE,TRUE,FALSE,
,,Horn,4-seam fastball,TRUE,FALSE,0,1,0,FALSE,FALSE,FALSE,
,,Horn,4-seam fastball,FALSE,FALSE,0,2,0,FALSE,FALSE,FALSE,
,,Horn,4-seam fastball,TRUE,TRUE,1,2,0,FALSE,FALSE,FALSE,
,,Dex,4-seam fastball,TRUE,FALSE,0,0,1,FALSE,TRUE,TRUE,
,,Dex,Slider,FALSE,FALSE,0,1,1,FALSE,TRUE,TRUE,
,,Dex,Slider,FALSE,FALSE,1,1,1,FALSE,TRUE,TRUE,
,,Dex,4-seam fastball,TRUE,TRUE,2,1,1,FALSE,TRUE,TRUE,
,,Dex,4-seam fastball,TRUE,TRUE,2,2,1,FALSE,TRUE,TRUE,
,,Dex,4-seam fastball,FALSE,TRUE,2,2,,FALSE,FALSE,FALSE,
,,B.Burton,4-seam fastball,TRUE,TRUE,0,0,2,FALSE,FALSE,TRUE,
Dame,Patrick,Jax,Changeup,FALSE,FALSE,1,0,0,FALSE,FALSE,FALSE,
,,Jax,4-seam fastball,FALSE,TRUE,1,1,0,FALSE,FALSE,FALSE,
,,Jax,4-seam fastball,TRUE,TRUE,,,,FALSE,FALSE,FALSE,
,,Parker,4-seam fastball,FALSE,FALSE,0,0,0,FALSE,TRUE,FALSE,
,,Parker,4-seam fastball,TRUE,TRUE,1,0,0,FALSE,TRUE,FALSE,
,,Parker,4-seam fastball,TRUE,FALSE,1,1,0,FALSE,TRUE,FALSE,
,,Parker,Curveball,TRUE,TRUE,1,2,0,FALSE,TRUE,FALSE,
,,T. Burton,4-seam fastball,FALSE,FALSE,0,0,1,FALSE,TRUE,FALSE,
,,T. Burton,4-seam fastball,TRUE,FALSE,1,0,1,FALSE,FALSE,TRUE,
,,T. Burton,4-seam fastball,FALSE,FALSE,1,1,1,FALSE,FALSE,TRUE,
,,T. Burton,Curveball,FALSE,FALSE,2,1,1,FALSE,FALSE,TRUE,
,,T. Burton,4-seam fastball,TRUE,TRUE,3,1,1,FALSE,FALSE,TRUE,
,,T. Burton,4-seam fastball,TRUE,TRUE,3,2,1,FALSE,FALSE,TRUE,
,,Dom,4-seam fastball,TRUE,FALSE,0,0,2,FALSE,FALSE,TRUE,
,,Dom,Changeup,TRUE,TRUE,0,1,2,FALSE,FALSE,TRUE,
,,Dom,Curveball,FALSE,FALSE,0,2,2,FALSE,FALSE,TRUE,
,,Dom,Curveball,FALSE,FALSE,1,2,2,FALSE,FALSE,TRUE,
,,Dom,4-seam fastball,TRUE,TRUE,2,2,2,FALSE,FALSE,TRUE,
Parker,Darius,Horn,Slider,TRUE,FALSE,0,0,0,FALSE,FALSE,FALSE,
,,Horn,4-seam fastball,FALSE,FALSE,0,1,0,FALSE,FALSE,FALSE,
,,Horn,Slider,FALSE,FALSE,1,1,0,FALSE,FALSE,FALSE,
,,Horn,4-seam fastball,FALSE,FALSE,2,1,0,FALSE,FALSE,FALSE,
,,Horn,4-seam fastball,TRUE,TRUE,3,1,0,FALSE,FALSE,FALSE,
,,Dex,4-seam fastball,TRUE,TRUE,0,0,0,TRUE,FALSE,FALSE,
,,B.Burton,Slider,FALSE,FALSE,0,0,0,TRUE,TRUE,FALSE,
,,B.Burton,4-seam fastball,TRUE,TRUE,1,0,1,FALSE,FALSE,FALSE,
,,Jax,Changeup,FALSE,TRUE,0,0,1,FALSE,FALSE,FALSE,
,,Jax,Changeup,FALSE,FALSE,1,0,1,FALSE,FALSE,FALSE,
,,Jax,Changeup,FALSE,FALSE,2,0,1,FALSE,FALSE,FALSE,
,,Jax,4-seam fastball,TRUE,TRUE,2,1,1,FALSE,FALSE,FALSE,
,,Jax,Changeup,TRUE,TRUE,2,2,1,FALSE,FALSE,FALSE,
,,Jax,Changeup,TRUE,TRUE,2,2,1,FALSE,FALSE,FALSE,
,,Jax,4-seam fastball,TRUE,TRUE,2,2,1,FALSE,FALSE,FALSE,
,,Jax,4-seam fastball,FALSE,FALSE,2,2,1,FALSE,FALSE,FALSE,
,,Jax,4-seam fastball,FALSE,FALSE,3,2,1,FALSE,FALSE,FALSE,
,,Dame,4-seam fastball,FALSE,FALSE,0,0,1,TRUE,TRUE,TRUE,
,,Dame,4-seam fastball,FALSE,TRUE,1,0,1,TRUE,TRUE,TRUE,
,,Dame,Changeup,FALSE,TRUE,1,1,1,TRUE,TRUE,TRUE,
,,Dame,Slider,FALSE,FALSE,1,2,1,TRUE,TRUE,TRUE,
,,Dame,4-seam fastball,FALSE,FALSE,2,2,1,TRUE,TRUE,TRUE,
,,Dame,4-seam fastball,FALSE,FALSE,3,2,1,TRUE,TRUE,TRUE,
Dame,Darius,T. Burton,4-seam fastball,TRUE,TRUE,0,0,0,FALSE,FALSE,FALSE,
,,Dom,Changeup,FALSE,FALSE,0,0,0,TRUE,FALSE,FALSE,
,,Dom,4-seam fastball,FALSE,FALSE,1,0,0,TRUE,FALSE,FALSE,
,,Dom,4-seam fastball,FALSE,FALSE,2,0,0,TRUE,FALSE,FALSE,
,,Dom,4-seam fastball,FALSE,TRUE,3,0,0,TRUE,FALSE,FALSE,
,,Dom,4-seam fastball,TRUE,TRUE,3,1,0,FALSE,FALSE,FALSE,
,,Horn,4-seam fastball,FALSE,FALSE,0,0,0,FALSE,FALSE,FALSE,
,,Horn,Curveball,FALSE,FALSE,1,0,0,FALSE,FALSE,FALSE,
,,Horn,4-seam fastball,FALSE,FALSE,2,0,0,FALSE,FALSE,FALSE,
,,Horn,4-seam fastball,FALSE,FALSE,3,0,,FALSE,FALSE,FALSE,BB
,,Dex,4-seam fastball,TRUE,TRUE,0,0,0,TRUE,FALSE,FALSE,
,,Dex,4-seam fastball,TRUE,TRUE,0,1,,TRUE,FALSE,FALSE,
,,Dex,4-seam fastball,TRUE,TRUE,0,2,,FALSE,FALSE,FALSE,
Parker,Peter,B.Burton,4-seam fastball,FALSE,FALSE,0,0,0,FALSE,FALSE,FALSE,
,,B.Burton,4-seam fastball,TRUE,TRUE,1,0,0,FALSE,FALSE,FALSE,
,,B.Burton,Slider,TRUE,TRUE,1,1,0,FALSE,FALSE,FALSE,
,,Jax,4-seam fastball,FALSE,FALSE,0,0,0,TRUE,FALSE,FALSE,
,,Jax,4-seam fastball,FALSE,FALSE,1,0,0,FALSE,FALSE,FALSE,
,,Jax,4-seam fastball,FALSE,FALSE,2,0,0,FALSE,FALSE,FALSE,
,,Jax,4-seam fastball,FALSE,FALSE,3,0,0,FALSE,FALSE,FALSE,BB
,,Dame,4-seam fastball,FALSE,FALSE,0,0,0,TRUE,TRUE,FALSE,
,,Dame,4-seam fastball,TRUE,TRUE,1,0,0,FALSE,FALSE,FALSE,
,,Dame,Slider,TRUE,FALSE,1,1,0,FALSE,FALSE,FALSE,
,,Dame,Curveball,FALSE,TRUE,1,2,0,FALSE,FALSE,FALSE,
,,Dame,Curveball,TRUE,TRUE,1,2,,FALSE,FALSE,FALSE,
,,T. Burton,Slider,FALSE,FALSE,0,0,1,FALSE,TRUE,TRUE,
,,T. Burton,Curveball,FALSE,FALSE,1,0,1,FALSE,FALSE,FALSE,
,,T. Burton,4-seam fastball,FALSE,FALSE,2,0,1,FALSE,FALSE,FALSE,
,,T. Burton,4-seam fastball,TRUE,TRUE,3,0,1,FALSE,FALSE,FALSE,
,,T. Burton,4-seam fastball,TRUE,TRUE,3,1,1,FALSE,FALSE,FALSE,
,,Dom,Curveball,TRUE,TRUE,0,0,2,FALSE,TRUE,TRUE,
,,Horn,2-seam fastball,FALSE,FALSE,0,0,2,TRUE,FALSE,FALSE,
,,Horn,Curveball,TRUE,TRUE,1,0,2,FALSE,FALSE,FALSE,
Dame,Fast,Dex,4-seam fastball,FALSE,FALSE,0,0,0,FALSE,FALSE,FALSE,
,,Dex,4-seam fastball,FALSE,TRUE,1,0,0,FALSE,FALSE,FALSE,
,,Dex,Slider,FALSE,TRUE,1,1,0,FALSE,FALSE,FALSE,
,,Dex,Slider,TRUE,TRUE,1,2,0,FALSE,FALSE,FALSE,
,,Dex,2-seam fastball,FALSE,TRUE,1,2,0,FALSE,FALSE,FALSE,
,,B.Burton,4-seam fastball,FALSE,FALSE,0,0,1,FALSE,FALSE,FALSE,
,,B.Burton,4-seam fastball,TRUE,TRUE,1,0,,FALSE,FALSE,FALSE,
,,Jax,4-seam fastball,TRUE,TRUE,0,0,2,FALSE,FALSE,FALSE,
,,Jax,Curveball,TRUE,TRUE,0,1,,FALSE,FALSE,FALSE,
,,Parker,4-seam fastball,TRUE,TRUE,0,0,2,TRUE,FALSE,FALSE,
,,T. Burton,4-seam fastball,TRUE,FALSE,0,0,2,TRUE,FALSE,TRUE,
,,T. Burton,4-seam fastball,FALSE,FALSE,0,1,,FALSE,FALSE,FALSE,
,,T. Burton,Curveball,TRUE,FALSE,1,1,2,FALSE,FALSE,FALSE,
,,T. Burton,2-seam fastball,FALSE,FALSE,1,2,2,FALSE,FALSE,FALSE,
,,T. Burton,2-seam fastball,TRUE,FALSE,1,2,2,TRUE,FALSE,TRUE,
Parker,Peter,Dom,4-seam fastball,FALSE,FALSE,0,0,0,FALSE,FALSE,FALSE,
,,Dom,4-seam fastball,TRUE,TRUE,1,0,0,FALSE,FALSE,FALSE,
,,Horn,Changeup,FALSE,FALSE,0,0,1,FALSE,FALSE,FALSE,
,,Horn,Changeup,FALSE,FALSE,1,0,1,FALSE,FALSE,FALSE,
,,Horn,4-seam fastball,FALSE,FALSE,2,0,1,FALSE,FALSE,FALSE,
,,Horn,4-seam fastball,FALSE,FALSE,3,0,1,FALSE,FALSE,FALSE,BB
,,Dex,Slider,TRUE,FALSE,0,0,1,TRUE,FALSE,FALSE,
,,Dex,Changeup,FALSE,FALSE,0,1,1,FALSE,FALSE,FALSE,
,,Dex,2-seam fastball,FALSE,FALSE,1,1,1,FALSE,FALSE,FALSE,
,,Dex,Curveball,FALSE,FALSE,2,1,1,FALSE,FALSE,FALSE,
,,Dex,4-seam fastball,FALSE,FALSE,3,1,1,FALSE,FALSE,FALSE,BB
,,B.Burton,4-seam fastball,TRUE,TRUE,0,0,1,TRUE,TRUE,FALSE,
,,Jax,Changeup,FALSE,FALSE,0,0,2,TRUE,TRUE,FALSE,
,,Jax,4-seam fastball,TRUE,FALSE,1,0,2,FALSE,FALSE,FALSE,
,,Jax,2-seam fastball,FALSE,FALSE,1,1,2,FALSE,FALSE,FALSE,
,,Jax,4-seam fastball,FALSE,FALSE,2,1,2,FALSE,FALSE,FALSE,
,,Jax,Curveball,FALSE,FALSE,3,1,2,FALSE,FALSE,FALSE,BB
,,Dame,2-seam fastball,TRUE,TRUE,0,0,2,TRUE,TRUE,TRUE,
,,Dame,4-seam fastball,FALSE,FALSE,0,1,2,FALSE,FALSE,FALSE,
,,Dame,Curveball,FALSE,TRUE,1,1,2,FALSE,FALSE,FALSE,
,,Dame,Changeup,FALSE,FALSE,1,2,2,FALSE,FALSE,FALSE,
,,Dame,4-seam fastball,FALSE,FALSE,1,2,2,FALSE,FALSE,FALSE,
,,Dame,Changeup,FALSE,FALSE,2,2,2,FALSE,FALSE,FALSE,
,,Dame,4-seam fastball,FALSE,FALSE,3,2,2,FALSE,FALSE,FALSE,BB
Dame,Fast,T. Burton,2-seam fastball,TRUE,FALSE,0,0,0,FALSE,FALSE,FALSE,
,,T. Burton,Slider,FALSE,FALSE,0,1,0,FALSE,FALSE,FALSE,
,,T. Burton,Slider,FALSE,TRUE,1,1,0,FALSE,FALSE,FALSE,
,,T. Burton,2-seam fastball,FALSE,FALSE,1,2,0,FALSE,FALSE,FALSE,
,,T. Burton,2-seam fastball,TRUE,TRUE,2,2,0,FALSE,FALSE,FALSE,
,,Dom,4-seam fastball,FALSE,FALSE,0,0,0,TRUE,FALSE,FALSE,
,,Dom,Slider,FALSE,TRUE,1,0,0,FALSE,TRUE,FALSE,
,,Dom,4-seam fastball,FALSE,FALSE,1,1,0,FALSE,FALSE,FALSE,
,,Dom,4-seam fastball,TRUE,TRUE,2,1,0,FALSE,FALSE,FALSE,
,,Dom,Curveball,FALSE,FALSE,2,2,0,FALSE,FALSE,FALSE,
,,Dom,4-seam fastball,TRUE,TRUE,3,2,0,FALSE,FALSE,FALSE,
,,Dom,2-seam fastball,FALSE,TRUE,3,2,,FALSE,FALSE,FALSE,
,,Horn,2-seam fastball,TRUE,TRUE,0,0,1,FALSE,FALSE,TRUE,
,,Dex,2-seam fastball,FALSE,TRUE,0,1,2,FALSE,FALSE,FALSE,
,,Dex,Slider,FALSE,FALSE,1,1,2,FALSE,FALSE,FALSE,
,,Dex,2-seam fastball,TRUE,TRUE,1,2,2,FALSE,FALSE,FALSE,
,,Dex,4-seam fastball,FALSE,FALSE,2,2,2,FALSE,FALSE,FALSE,
,,Dex,2-seam fastball,TRUE,TRUE,2,2,2,FALSE,FALSE,FALSE,
,,Dex,2-seam fastball,TRUE,TRUE,2,2,2,FALSE,FALSE,FALSE,
,,Dex,Slider,FALSE,FALSE,2,2,2,FALSE,FALSE,FALSE,
,,Dex,4-seam fastball,TRUE,TRUE,3,2,2,FALSE,FALSE,FALSE,
,,Dex,4-seam fastball,FALSE,FALSE,3,2,2,FALSE,FALSE,FALSE,BB
,,B.Burton,4-seam fastball,FALSE,FALSE,0,0,2,TRUE,FALSE,TRUE,
,,B.Burton,4-seam fastball,FALSE,TRUE,1,0,2,FALSE,FALSE,FALSE,
,,B.Burton,4-seam fastball,FALSE,FALSE,1,1,2,FALSE,FALSE,FALSE,
Parker,Quan,Jax,2-seam fastball,TRUE,TRUE,0,0,0,FALSE,FALSE,FALSE,
,,T. Burton,Changeup,FALSE,FALSE,0,0,1,FALSE,FALSE,FALSE,
,,T. Burton,2-seam fastball,TRUE,FALSE,1,0,1,FALSE,FALSE,FALSE,
,,T. Burton,Curveball,TRUE,FALSE,1,1,1,FALSE,FALSE,FALSE,
,,T. Burton,Curveball,TRUE,FALSE,1,2,1,FALSE,FALSE,FALSE,
,,Dame,2-seam fastball,FALSE,FALSE,0,0,2,FALSE,FALSE,FALSE,
,,Dame,2-seam fastball,FALSE,TRUE,1,0,2,FALSE,FALSE,FALSE,
,,Dame,Curveball,TRUE,TRUE,1,1,2,FALSE,FALSE,FALSE,
Parker,Quan,Dom,Curveball,TRUE,TRUE,0,0,0,FALSE,FALSE,FALSE,
,,Horn,2-seam fastball,TRUE,TRUE,0,0,1,FALSE,FALSE,FALSE,
,,Dex,2-seam fastball,FALSE,FALSE,0,0,2,FALSE,FALSE,FALSE,
,,Dex,Slider,TRUE,TRUE,1,0,2,FALSE,FALSE,FALSE,
,,Dex,Slider,FALSE,FALSE,1,1,2,FALSE,FALSE,FALSE,
,,Dex,2-seam fastball,FALSE,TRUE,2,1,2,FALSE,FALSE,FALSE,
Parker,Quan,Dex,Slider,FALSE,TRUE,2,2,2,FALSE,FALSE,FALSE,
,,B.Burton,2-seam fastball,TRUE,TRUE,0,0,0,FALSE,FALSE,FALSE,
Dame,,Jax,2-seam fastball,TRUE,TRUE,0,0,1,FALSE,FALSE,FALSE,
,,Parker,Slider,FALSE,TRUE,0,0,1,TRUE,FALSE,FALSE,
,,Parker,2-seam fastball,TRUE,TRUE,0,1,1,FALSE,FALSE,FALSE,
,,Parker,2-seam fastball,TRUE,TRUE,0,2,1,FALSE,FALSE,FALSE,
,,T. Burton,Slider,FALSE,FALSE,0,0,1,TRUE,TRUE,FALSE,
,,T. Burton,2-seam fastball,TRUE,TRUE,0,0,1,FALSE,TRUE,TRUE,
,,Dom,Slider,FALSE,FALSE,1,0,1,TRUE,FALSE,FALSE,
,,Dom,Slider,FALSE,FALSE,2,0,1,FALSE,FALSE,FALSE,
,,Dom,2-seam fastball,TRUE,FALSE,2,1,1,FALSE,FALSE,FALSE,
,,Dom,2-seam fastball,FALSE,FALSE,3,1,1,FALSE,FALSE,FALSE,
,,Dom,2-seam fastball,TRUE,TRUE,3,2,1,FALSE,FALSE,FALSE,
,,Dom,2-seam fastball,FALSE,FALSE,3,2,1,FALSE,FALSE,FALSE,BB
,,Horn,2-seam fastball,TRUE,TRUE,3,2,1,TRUE,TRUE,FALSE,
Dame,Quan,Dex,2-seam fastball,TRUE,TRUE,0,0,0,FALSE,FALSE,FALSE,
,,Dex,2-seam fastball,TRUE,TRUE,0,1,0,FALSE,FALSE,FALSE,
,,Dex,Changeup,TRUE,TRUE,0,2,0,FALSE,FALSE,FALSE,
,,B.Burton,2-seam fastball,TRUE,TRUE,0,0,1,FALSE,FALSE,FALSE,
,,B.Burton,2-seam fastball,FALSE,FALSE,0,1,1,FALSE,FALSE,FALSE,
,,B.Burton,Slider,TRUE,TRUE,1,1,1,FALSE,FALSE,FALSE,
,,B.Burton,Slider,FALSE,TRUE,1,2,1,FALSE,FALSE,FALSE,
,,Jax,2-seam fastball,FALSE,FALSE,0,0,2,FALSE,FALSE,FALSE,
,,Jax,Slider,FALSE,FALSE,1,0,2,FALSE,FALSE,FALSE,
,,Jax,2-seam fastball,FALSE,TRUE,2,0,2,FALSE,FALSE,FALSE,
,,Jax,Changeup,TRUE,TRUE,2,1,2,FALSE,FALSE,FALSE,
Dame,Jack M ,Parker,4-seam fastball,TRUE,FALSE,0,0,0,FALSE,FALSE,FALSE,
,,Parker,4-seam fastball,TRUE,TRUE,0,1,0,FALSE,FALSE,FALSE,
,,T. Burton,4-seam fastball,FALSE,FALSE,0,0,1,FALSE,FALSE,FALSE,
,,T. Burton,4-seam fastball,TRUE,TRUE,1,0,1,FALSE,FALSE,FALSE,
,,T. Burton,Curveball,TRUE,TRUE,1,1,1,FALSE,FALSE,FALSE,
,,T. Burton,Curveball,TRUE,TRUE,1,2,1,FALSE,FALSE,FALSE,
,,Ricker,4-seam fastball,TRUE,TRUE,0,0,1,TRUE,FALSE,FALSE,
,,Ricker,2-seam fastball,FALSE,FALSE,0,1,1,TRUE,FALSE,FALSE,
,,Ricker,4-seam fastball,TRUE,TRUE,1,1,1,TRUE,FALSE,FALSE,
Jai,Darius,Deagle,2-seam fastball,FALSE,FALSE,0,0,0,FALSE,FALSE,FALSE,
,,Deagle,Changeup,FALSE,FALSE,1,0,0,FALSE,FALSE,FALSE,
,,Deagle,2-seam fastball,TRUE,TRUE,2,0,0,FALSE,FALSE,FALSE,
,,Deagle,Changeup,TRUE,TRUE,2,1,0,FALSE,FALSE,FALSE,
,,B.Burton,2-seam fastball,TRUE,TRUE,0,0,1,FALSE,FALSE,FALSE,
,,B.Burton,Slider,FALSE,FALSE,0,1,1,FALSE,FALSE,FALSE,
,,B.Burton,2-seam fastball,FALSE,FALSE,1,1,1,FALSE,FALSE,FALSE,
,,B.Burton,Changeup,TRUE,FALSE,2,1,1,FALSE,FALSE,FALSE,
,,B.Burton,Slider,TRUE,TRUE,2,2,1,FALSE,FALSE,FALSE,
,,Dame,2-seam fastball,TRUE,TRUE,0,0,1,TRUE,FALSE,FALSE,
,,Dame,2-seam fastball,TRUE,FALSE,0,1,1,TRUE,FALSE,FALSE,
,,Dame,2-seam fastball,FALSE,FALSE,0,2,1,TRUE,FALSE,FALSE,
,,Dame,2-seam fastball,TRUE,TRUE,1,2,1,TRUE,FALSE,FALSE,
,,Dame,Slider,FALSE,FALSE,1,2,1,TRUE,FALSE,FALSE,
,,Dame,2-seam fastball,TRUE,TRUE,2,1,1,TRUE,FALSE,FALSE,
,,Parker,2-seam fastball,TRUE,TRUE,0,0,2,TRUE,FALSE,FALSE,
Dame,Jack M,T. Burton,Changeup,FALSE,FALSE,0,0,0,FALSE,FALSE,FALSE,
,,T. Burton,4-seam fastball,FALSE,FALSE,1,0,0,FALSE,FALSE,FALSE,
,,T. Burton,Curveball,FALSE,FALSE,2,0,0,FALSE,FALSE,FALSE,
,,T. Burton,4-seam fastball,TRUE,TRUE,3,0,0,FALSE,FALSE,FALSE,
,,T. Burton,4-seam fastball,TRUE,FALSE,3,1,0,FALSE,FALSE,FALSE,
,,T. Burton,4-seam fastball,TRUE,FALSE,3,2,0,FALSE,FALSE,FALSE,
,,Ricker,4-seam fastball,TRUE,TRUE,0,0,1,TRUE,FALSE,FALSE,
,,Jai,4-seam fastball,FALSE,FALSE,0,0,2,FALSE,FALSE,FALSE,
,,Jai,4-seam fastball,TRUE,TRUE,1,0,2,FALSE,FALSE,FALSE,
,,Jai,Curveball,FALSE,FALSE,1,1,2,FALSE,FALSE,FALSE,
,,Jai,Curveball,FALSE,FALSE,2,1,2,FALSE,FALSE,FALSE,
,,Jai,4-seam fastball,TRUE,TRUE,3,1,2,FALSE,FALSE,FALSE,
,,Jai,4-seam fastball,TRUE,TRUE,3,2,2,FALSE,FALSE,FALSE,
,,Jai,4-seam fastball,FALSE,FALSE,3,2,2,FALSE,FALSE,FALSE,
,,Deagle,Curveball,FALSE,FALSE,0,0,2,TRUE,FALSE,FALSE,
,,Deagle,4-seam fastball,TRUE,FALSE,1,0,2,FALSE,FALSE,FALSE,
,,Deagle,Curveball,FALSE,FALSE,1,1,2,FALSE,TRUE,FALSE,
,,Deagle,4-seam fastball,TRUE,FALSE,2,1,2,FALSE,FALSE,FALSE,
,,Deagle,4-seam fastball,TRUE,TRUE,2,2,2,FALSE,FALSE,FALSE,
,,Deagle,4-seam fastball,FALSE,FALSE,2,2,2,FALSE,FALSE,FALSE,
,,Deagle,Curveball,TRUE,TRUE,3,2,2,FALSE,FALSE,FALSE,
Jai,Darius,B.Burton,2-seam fastball,TRUE,TRUE,0,0,0,FALSE,FALSE,FALSE,
,,Dame,2-seam fastball,TRUE,TRUE,0,0,1,FALSE,FALSE,FALSE,
,,Dame,2-seam fastball,TRUE,FALSE,0,1,1,FALSE,FALSE,FALSE,
,,Dame,2-seam fastball,TRUE,FALSE,1,2,1,FALSE,FALSE,FALSE,
,,Parker,Changeup,TRUE,TRUE,0,0,2,FALSE,FALSE,FALSE,
Dame,Jack M,T. Burton,4-seam fastball,TRUE,FALSE,0,0,0,FALSE,FALSE,FALSE,
,,T. Burton,2-seam fastball,TRUE,TRUE,0,1,0,FALSE,FALSE,FALSE,
,,Ricker,2-seam fastball,TRUE,FALSE,0,0,1,FALSE,FALSE,FALSE,
,,Ricker,4-seam fastball,FALSE,FALSE,0,1,1,FALSE,FALSE,FALSE,
,,Ricker,Curveball,FALSE,FALSE,1,1,1,FALSE,FALSE,FALSE,
,,Ricker,Curveball,TRUE,FALSE,2,1,1,FALSE,FALSE,FALSE,
,,Ricker,4-seam fastball,FALSE,FALSE,2,2,1,FALSE,FALSE,FALSE,
,,Ricker,4-seam fastball,FALSE,FALSE,3,2,1,FALSE,FALSE,FALSE,
,,Jai,4-seam fastball,TRUE,TRUE,0,0,1,TRUE,FALSE,FALSE,
,,Deagle,2-seam fastball,FALSE,FALSE,0,0,1,TRUE,TRUE,FALSE,
,,Deagle,Curveball,FALSE,FALSE,1,0,1,TRUE,TRUE,FALSE,
,,Deagle,4-seam fastball,TRUE,FALSE,2,0,1,TRUE,TRUE,FALSE,
,,Deagle,4-seam fastball,TRUE,TRUE,2,1,1,TRUE,TRUE,FALSE,
,,Deagle,4-seam fastball,TRUE,TRUE,2,2,1,TRUE,TRUE,FALSE,
,,Deagle,Curveball,FALSE,TRUE,2,2,1,TRUE,TRUE,FALSE,
,,B.Burton,4-seam fastball,FALSE,FALSE,0,0,2,TRUE,TRUE,FALSE,
,,B.Burton,4-seam fastball,TRUE,TRUE,1,0,2,FALSE,FALSE,FALSE,
Jai,Darius,Dame,2-seam fastball,FALSE,FALSE,0,0,0,FALSE,FALSE,FALSE,
,,Dame,Slider,FALSE,FALSE,1,0,0,FALSE,FALSE,FALSE,
,,Dame,4-seam fastball,FALSE,FALSE,2,0,0,FALSE,FALSE,FALSE,
,,Dame,4-seam fastball,FALSE,FALSE,3,0,0,FALSE,FALSE,FALSE,
,,Parker,Curveball,TRUE,TRUE,0,0,0,TRUE,FALSE,FALSE,
,,Parker,2-seam fastball,FALSE,FALSE,0,1,0,FALSE,FALSE,FALSE,
,,Parker,Slider,TRUE,FALSE,1,1,0,FALSE,FALSE,FALSE,
,,Parker,Changeup,TRUE,TRUE,1,2,0,FALSE,FALSE,FALSE,
,,Parker,Slider,FALSE,FALSE,1,2,0,FALSE,FALSE,FALSE,
,,Parker,2-seam fastball,TRUE,TRUE,2,2,0,FALSE,FALSE,FALSE,
,,Parker,2-seam fastball,FALSE,TRUE,2,2,0,FALSE,FALSE,FALSE,
,,T. Burton,Slider,FALSE,TRUE,0,0,1,TRUE,FALSE,FALSE,
,,T. Burton,2-seam fastball,TRUE,FALSE,0,1,1,FALSE,FALSE,FALSE,
,,T. Burton,2-seam fastball,FALSE,FALSE,0,2,1,FALSE,FALSE,FALSE,
,,T. Burton,2-seam fastball,TRUE,TRUE,1,2,1,FALSE,FALSE,FALSE,
,,Ricker,2-seam fastball,TRUE,FALSE,0,0,1,TRUE,FALSE,TRUE,
,,Ricker,2-seam fastball,FALSE,FALSE,0,1,1,FALSE,FALSE,FALSE,
,,Ricker,Changeup,TRUE,TRUE,1,1,1,FALSE,TRUE,FALSE,
,,Deagle,4-seam fastball,FALSE,FALSE,0,0,2,FALSE,FALSE,FALSE,
,,Deagle,Slider,TRUE,FALSE,1,0,2,FALSE,FALSE,FALSE,
,,Deagle,Curveball,TRUE,TRUE,0,0,2,FALSE,FALSE,FALSE,
,,B.Burton,4-seam fastball,TRUE,TRUE,0,0,2,FALSE,FALSE,FALSE,
Dame,Jon k,Parker,Changeup,FALSE,FALSE,0,0,0,FALSE,FALSE,FALSE,
,,Parker,4-seam fastball,TRUE,TRUE,1,0,0,FALSE,FALSE,FALSE,
,,T. Burton,Changeup,FALSE,FALSE,0,0,1,FALSE,FALSE,FALSE,
,,T. Burton,Curveball,FALSE,FALSE,1,0,1,FALSE,FALSE,FALSE,
,,T. Burton,4-seam fastball,TRUE,TRUE,1,1,1,FALSE,FALSE,FALSE,
,,Ricker,Curveball,FALSE,FALSE,0,0,1,TRUE,FALSE,FALSE,
,,Ricker,4-seam fastball,TRUE,FALSE,1,0,1,FALSE,FALSE,FALSE,
,,Ricker,Curveball,FALSE,FALSE,1,1,1,FALSE,FALSE,FALSE,
,,Ricker,4-seam fastball,TRUE,FALSE,2,1,1,FALSE,FALSE,FALSE,
,,Ricker,Curveball,TRUE,TRUE,2,2,1,FALSE,FALSE,FALSE,
,,Jai,4-seam fastball,FALSE,FALSE,0,0,2,FALSE,FALSE,FALSE,
,,Jai,Changeup,FALSE,FALSE,1,0,2,FALSE,FALSE,FALSE,
,,Jai,4-seam fastball,TRUE,TRUE,2,0,2,FALSE,FALSE,FALSE,
Jai,Darius,Deagle,2-seam fastball,TRUE,TRUE,0,0,0,FALSE,FALSE,FALSE,
,,Deagle,Changeup,FALSE,FALSE,0,1,0,FALSE,FALSE,FALSE,
,,Deagle,Slider,FALSE,FALSE,1,1,0,FALSE,FALSE,FALSE,
,,Deagle,4-seam fastball,FALSE,FALSE,2,1,0,FALSE,FALSE,FALSE,
,,Deagle,2-seam fastball,TRUE,FALSE,3,1,0,FALSE,FALSE,FALSE,
,,Deagle,2-seam fastball,TRUE,TRUE,3,2,0,FALSE,FALSE,FALSE,
,,B.Burton,2-seam fastball,FALSE,FALSE,0,0,1,FALSE,FALSE,FALSE,
,,B.Burton,Slider,FALSE,FALSE,1,0,1,FALSE,FALSE,FALSE,
,,B.Burton,4-seam fastball,FALSE,FALSE,2,0,1,FALSE,FALSE,FALSE,
,,B.Burton,4-seam fastball,FALSE,FALSE,3,0,1,FALSE,FALSE,FALSE,
,,Dame,Slider,FALSE,FALSE,0,0,1,TRUE,FALSE,FALSE,
,,Dame,Slider,TRUE,FALSE,1,0,1,FALSE,FALSE,FALSE,
,,Dame,2-seam fastball,TRUE,TRUE,1,1,1,FALSE,FALSE,FALSE,
,,Dame,Slider,TRUE,TRUE,1,2,1,FALSE,FALSE,FALSE,
,,Parker,2-seam fastball,FALSE,FALSE,0,0,2,FALSE,FALSE,FALSE,
,,Parker,Slider,TRUE,TRUE,1,0,2,FALSE,FALSE,FALSE,
,,T. Burton,2-seam fastball,FALSE,TRUE,0,0,2,FALSE,TRUE,FALSE,
,,T. Burton,2-seam fastball,FALSE,FALSE,0,1,2,FALSE,TRUE,FALSE,
,,T. Burton,4-seam fastball,TRUE,TRUE,1,1,2,FALSE,FALSE,TRUE,
,,T. Burton,2-seam fastball,FALSE,FALSE,1,2,2,FALSE,FALSE,FALSE,
,,T. Burton,2-seam fastball,FALSE,FALSE,2,2,2,FALSE,FALSE,FALSE,
,,T. Burton,Slider,TRUE,TRUE,3,2,2,FALSE,FALSE,FALSE,
,,T. Burton,2-seam fastball,TRUE,TRUE,3,2,2,FALSE,FALSE,FALSE,
Dame,Jon,Jax,Curveball,FALSE,FALSE,0,0,0,FALSE,FALSE,FALSE,
,,Jax,4-seam fastball,TRUE,TRUE,1,0,0,FALSE,FALSE,FALSE,
,,Cox,Changeup,TRUE,FALSE,0,0,1,FALSE,FALSE,FALSE,
,,Cox,Curveball,TRUE,FALSE,0,1,1,FALSE,FALSE,FALSE,
,,Cox,4-seam fastball,FALSE,FALSE,0,2,1,FALSE,FALSE,FALSE,
,,Cox,Curveball,FALSE,FALSE,1,2,1,FALSE,FALSE,FALSE,
,,Cox,4-seam fastball,TRUE,TRUE,2,2,1,FALSE,FALSE,FALSE,
,,Jack M,Curveball,FALSE,FALSE,0,0,2,FALSE,FALSE,FALSE,
,,Jack M,4-seam fastball,TRUE,TRUE,1,0,2,FALSE,FALSE,FALSE,
,,Jack M,Curveball,TRUE,FALSE,1,1,2,FALSE,FALSE,FALSE,
,,Jack M,4-seam fastball,FALSE,FALSE,1,2,2,FALSE,FALSE,FALSE,
,,Jack M,Curveball,TRUE,TRUE,2,2,2,FALSE,FALSE,FALSE,
Jai,Patrick,Simon,4-seam fastball,TRUE,FALSE,0,0,0,FALSE,FALSE,FALSE,
,,Simon,4-seam fastball,TRUE,TRUE,0,1,0,FALSE,FALSE,FALSE,
,,Simon,4-seam fastball,FALSE,FALSE,0,2,0,FALSE,FALSE,FALSE,
,,Simon,4-seam fastball,FALSE,FALSE,1,2,0,FALSE,FALSE,FALSE,
,,Simon,Changeup,FALSE,FALSE,2,2,0,FALSE,FALSE,FALSE,
,,Simon,4-seam fastball,FALSE,FALSE,3,2,0,FALSE,FALSE,FALSE,
,,Jax,Changeup,FALSE,FALSE,0,0,0,TRUE,FALSE,FALSE,
,,Jax,4-seam fastball,TRUE,TRUE,1,0,0,FALSE,FALSE,FALSE,
,,Cox,4-seam fastball,FALSE,FALSE,0,0,2,FALSE,FALSE,FALSE,
,,Cox,Curveball,FALSE,FALSE,1,0,2,FALSE,FALSE,FALSE,
,,Cox,4-seam fastball,TRUE,TRUE,2,0,2,FALSE,FALSE,FALSE,
,,Cox,4-seam fastball,FALSE,FALSE,2,1,2,FALSE,FALSE,FALSE,
,,Cox,4-seam fastball,TRUE,TRUE,3,1,2,FALSE,FALSE,FALSE,
,,Cox,4-seam fastball,FALSE,TRUE,3,2,2,FALSE,FALSE,FALSE,
Dame,Jon K,Jack M,Changeup,FALSE,FALSE,0,0,0,FALSE,FALSE,FALSE,
,,Jack M,Changeup,FALSE,TRUE,1,0,0,FALSE,FALSE,FALSE,
,,Jack M,4-seam fastball,TRUE,FALSE,1,1,0,FALSE,FALSE,FALSE,
,,Jack M,Curveball,FALSE,TRUE,1,2,0,FALSE,FALSE,FALSE,
,,Simon,Curveball,FALSE,FALSE,0,0,1,FALSE,FALSE,FALSE,
,,Simon,4-seam fastball,TRUE,FALSE,1,0,1,FALSE,FALSE,FALSE,
,,Simon,Curveball,FALSE,FALSE,1,1,1,FALSE,FALSE,FALSE,
,,Simon,4-seam fastball,TRUE,TRUE,2,1,1,FALSE,FALSE,FALSE,
,,Simon,4-seam fastball,TRUE,TRUE,2,2,1,FALSE,FALSE,FALSE,
,,Jai,Changeup,TRUE,TRUE,0,0,2,FALSE,FALSE,FALSE,
,,Jai,Curveball,FALSE,FALSE,0,1,2,FALSE,FALSE,FALSE,
,,Jai,4-seam fastball,TRUE,TRUE,1,1,2,FALSE,FALSE,FALSE,
,,Jai,Changeup,FALSE,FALSE,1,2,2,FALSE,FALSE,FALSE,
,,Jai,4-seam fastball,TRUE,TRUE,2,2,2,FALSE,FALSE,FALSE,
,,Jax,4-seam fastball,FALSE,FALSE,0,0,2,TRUE,FALSE,FALSE,
,,Jax,4-seam fastball,TRUE,TRUE,1,0,2,FALSE,FALSE,FALSE,
,,Jax,Curveball,FALSE,TRUE,1,1,2,FALSE,FALSE,FALSE,
,,Jax,4-seam fastball,FALSE,FALSE,1,2,2,FALSE,FALSE,FALSE,
,,Jax,Curveball,TRUE,FALSE,2,2,2,FALSE,FALSE,FALSE,
Jai,Patrick,Cox,4-seam fastball,TRUE,TRUE,0,0,0,FALSE,FALSE,FALSE,
,,Dame,Curveball,FALSE,FALSE,0,0,1,FALSE,FALSE,FALSE,
,,Dame,4-seam fastball,TRUE,TRUE,1,0,1,FALSE,FALSE,FALSE,
,,Jack M,4-seam fastball,FALSE,FALSE,0,0,2,FALSE,FALSE,FALSE,
,,Jack M,4-seam fastball,FALSE,FALSE,1,0,2,FALSE,FALSE,FALSE,
,,Jack M,4-seam fastball,FALSE,FALSE,2,0,2,FALSE,FALSE,FALSE,
,,Jack M,4-seam fastball,FALSE,FALSE,3,0,2,FALSE,FALSE,FALSE,
,,Jack M,4-seam fastball,TRUE,TRUE,3,1,2,FALSE,FALSE,FALSE,
,,Jack M,4-seam fastball,TRUE,FALSE,3,2,2,FALSE,FALSE,FALSE,
Dame,Jon k,Simon,4-seam fastball,TRUE,TRUE,0,0,0,FALSE,FALSE,FALSE,
,,Simon,Curveball,FALSE,FALSE,0,1,0,FALSE,FALSE,FALSE,
,,Simon,4-seam fastball,FALSE,FALSE,1,1,0,FALSE,FALSE,FALSE,
,,Simon,4-seam fastball,TRUE,TRUE,2,1,0,FALSE,FALSE,FALSE,
,,Simon,4-seam fastball,TRUE,TRUE,2,2,0,FALSE,FALSE,FALSE,
,,Jai,4-seam fastball,TRUE,TRUE,0,0,1,FALSE,FALSE,FALSE,
,,Jax,Curveball,TRUE,TRUE,0,0,2,FALSE,FALSE,FALSE,
,,Jax,4-seam fastball,TRUE,TRUE,0,1,2,FALSE,FALSE,FALSE,
,,Jax,Curveball,FALSE,FALSE,0,2,2,FALSE,FALSE,FALSE,
,,Jax,4-seam fastball,FALSE,FALSE,1,2,2,FALSE,FALSE,FALSE,
,,Jax,Changeup,FALSE,FALSE,2,2,2,FALSE,FALSE,FALSE,
,,Jax,4-seam fastball,FALSE,FALSE,3,2,2,FALSE,FALSE,FALSE,
,,Cox,4-seam fastball,FALSE,FALSE,0,0,2,TRUE,FALSE,FALSE,
,,Cox,4-seam fastball,FALSE,FALSE,1,0,2,FALSE,TRUE,FALSE,
,,Cox,Changeup,TRUE,FALSE,2,0,2,FALSE,FALSE,FALSE,
,,Cox,4-seam fastball,TRUE,FALSE,2,1,2,FALSE,FALSE,FALSE,
,,Cox,4-seam fastball,TRUE,FALSE,2,2,2,FALSE,FALSE,FALSE,
Jai,Patrick,Dame,4-seam fastball,FALSE,FALSE,0,0,0,FALSE,FALSE,FALSE,
,,Dame,Curveball,FALSE,FALSE,1,0,0,FALSE,FALSE,FALSE,
,,Dame,4-seam fastball,TRUE,FALSE,2,0,0,FALSE,FALSE,FALSE,
,,Dame,4-seam fastball,FALSE,FALSE,2,1,0,FALSE,FALSE,FALSE,
,,Dame,4-seam fastball,FALSE,TRUE,3,1,0,FALSE,FALSE,FALSE,
,,Dame,Changeup,FALSE,FALSE,3,2,0,FALSE,FALSE,FALSE,
,,Jack M,4-seam fastball,FALSE,FALSE,0,0,0,TRUE,FALSE,FALSE,
,,Jack M,4-seam fastball,FALSE,FALSE,1,0,0,FALSE,FALSE,FALSE,
,,Jack M,4-seam fastball,FALSE,FALSE,1,1,0,FALSE,FALSE,FALSE,
,,Jack M,4-seam fastball,FALSE,FALSE,2,1,0,FALSE,TRUE,FALSE,
,,Jack M,4-seam fastball,TRUE,TRUE,3,1,0,FALSE,FALSE,FALSE,
,,Simon,4-seam fastball,FALSE,FALSE,0,0,1,FALSE,FALSE,FALSE,
,,Simon,4-seam fastball,FALSE,FALSE,1,0,1,FALSE,FALSE,FALSE,
,,Simon,4-seam fastball,FALSE,FALSE,2,0,1,FALSE,FALSE,FALSE,
,,Simon,4-seam fastball,TRUE,TRUE,2,1,1,FALSE,FALSE,FALSE,
,,Simon,4-seam fastball,TRUE,TRUE,2,2,1,FALSE,FALSE,FALSE,
,,Simon,4-seam fastball,TRUE,TRUE,2,2,1,FALSE,FALSE,FALSE,
,,Jax,4-seam fastball,FALSE,FALSE,0,0,2,FALSE,FALSE,FALSE,
,,Jax,4-seam fastball,TRUE,TRUE,1,0,2,FALSE,FALSE,FALSE,
,,Jax,4-seam fastball,TRUE,TRUE,1,1,2,FALSE,FALSE,FALSE,
,,Jax,Curveball,TRUE,TRUE,1,2,2,FALSE,FALSE,FALSE,
Simon,Fast,Cox,4-seam fastball,FALSE,FALSE,0,0,0,FALSE,FALSE,FALSE,
,,Cox,4-seam fastball,TRUE,TRUE,1,0,0,FALSE,FALSE,FALSE,
,,Dame,Slider,TRUE,FALSE,0,0,1,FALSE,FALSE,FALSE,
,,Dame,4-seam fastball,FALSE,FALSE,0,1,1,FALSE,FALSE,FALSE,
,,Dame,4-seam fastball,TRUE,TRUE,1,1,1,FALSE,FALSE,FALSE,
,,Jack M,4-seam fastball,TRUE,FALSE,0,0,2,FALSE,FALSE,FALSE,
,,Jack M,4-seam fastball,TRUE,TRUE,0,1,2,FALSE,FALSE,FALSE,
,,Jack M,Slider,FALSE,FALSE,0,2,2,FALSE,FALSE,FALSE,
,,Jack M,4-seam fastball,TRUE,TRUE,1,2,2,FALSE,FALSE,FALSE,
,,Jack M,Slider,FALSE,FALSE,1,2,2,FALSE,FALSE,FALSE,
,,Jack M,Changeup,FALSE,FALSE,2,2,2,FALSE,FALSE,FALSE,
,,Jack M,4-seam fastball,TRUE,TRUE,3,2,2,FALSE,FALSE,FALSE,
Jai,Patrick,Simon,4-seam fastball,FALSE,FALSE,0,0,0,FALSE,FALSE,FALSE,
,,Simon,4-seam fastball,TRUE,TRUE,0,1,0,FALSE,FALSE,FALSE,
,,Simon,4-seam fastball,TRUE,TRUE,0,2,0,FALSE,FALSE,FALSE,
,,Jax,4-seam fastball,FALSE,FALSE,0,0,1,FALSE,FALSE,FALSE,
,,Jax,4-seam fastball,FALSE,FALSE,1,0,1,FALSE,FALSE,FALSE,
,,Jax,4-seam fastball,FALSE,FALSE,2,0,1,FALSE,FALSE,FALSE,
,,Jax,4-seam fastball,TRUE,TRUE,3,0,1,FALSE,FALSE,FALSE,
,,jax,4-seam fastball,FALSE,TRUE,3,1,1,FALSE,FALSE,FALSE,
,,jax,4-seam fastball,FALSE,TRUE,3,2,1,FALSE,FALSE,FALSE,
,,jax,4-seam fastball,TRUE,TRUE,3,2,1,FALSE,FALSE,FALSE,
,,jax,4-seam fastball,FALSE,FALSE,3,2,1,FALSE,FALSE,FALSE,
,,Cox,4-seam fastball,FALSE,FALSE,0,0,1,TRUE,FALSE,FALSE,
,,Cox,4-seam fastball,TRUE,TRUE,1,0,1,FALSE,FALSE,FALSE,
,,Cox,4-seam fastball,FALSE,FALSE,1,1,1,FALSE,FALSE,FALSE,
,,Cox,4-seam fastball,FALSE,FALSE,2,1,1,FALSE,FALSE,FALSE,
,,Cox,4-seam fastball,TRUE,FALSE,3,1,1,FALSE,FALSE,FALSE,
,,Cox,4-seam fastball,FALSE,FALSE,3,2,1,FALSE,FALSE,FALSE,
Simon,Fast,Dame,Slider,TRUE,FALSE,0,0,0,FALSE,FALSE,FALSE,
,,Dame,4-seam fastball,FALSE,FALSE,0,1,0,FALSE,FALSE,FALSE,
,,Dame,Slider,FALSE,FALSE,1,1,0,FALSE,FALSE,FALSE,
,,Dame,4-seam fastball,FALSE,FALSE,2,1,0,FALSE,FALSE,FALSE,
,,Dame,4-seam fastball,FALSE,FALSE,3,1,0,FALSE,FALSE,FALSE,
,,Jack M,4-seam fastball,FALSE,FALSE,0,0,0,TRUE,FALSE,FALSE,
,,Jack M,Changeup,FALSE,FALSE,1,0,0,FALSE,FALSE,FALSE,
,,Jack M,4-seam fastball,FALSE,FALSE,2,0,0,FALSE,FALSE,FALSE,
,,Jack M,2-seam fastball,TRUE,TRUE,3,0,0,FALSE,FALSE,FALSE,
,,Jack M,Changeup,FALSE,TRUE,3,1,0,FALSE,FALSE,FALSE,
,,Jack M,Slider,FALSE,FALSE,3,2,0,FALSE,FALSE,FALSE,
,,Jai,2-seam fastball,FALSE,TRUE,0,0,0,TRUE,TRUE,FALSE,
,,Jai,Slider,FALSE,FALSE,0,1,0,FALSE,FALSE,FALSE,
,,Jai,4-seam fastball,TRUE,TRUE,1,1,0,FALSE,TRUE,TRUE,
,,Jax,4-seam fastball,TRUE,TRUE,0,0,1,FALSE,FALSE,FALSE,
,,Cox,4-seam fastball,TRUE,TRUE,0,0,2,FALSE,FALSE,FALSE,
,,Dame,2-seam fastball,TRUE,FALSE,0,0,2,TRUE,FALSE,FALSE,
,,Dame,2-seam fastball,TRUE,TRUE,0,1,2,FALSE,FALSE,FALSE,
Parker,Ethan D,Rak,4-seam fastball,TRUE,FALSE,0,0,0,FALSE,FALSE,FALSE,
,,Rak,Curveball,TRUE,FALSE,0,1,0,FALSE,FALSE,FALSE,
,,Rak,Changeup,TRUE,FALSE,0,2,0,FALSE,FALSE,FALSE,
,,Dom,Changeup,FALSE,FALSE,0,0,1,FALSE,FALSE,FALSE,
,,Plant,2-seam fastball,FALSE,FALSE,0,0,1,TRUE,FALSE,FALSE,
,,Plant,2-seam fastball,TRUE,FALSE,1,0,1,FALSE,FALSE,FALSE,
,,Plant,2-seam fastball,TRUE,TRUE,1,1,1,FALSE,FALSE,FALSE,
,,Plant,Changeup,FALSE,TRUE,1,2,1,FALSE,FALSE,FALSE,
,,Aryo,4-seam fastball,FALSE,FALSE,0,0,2,TRUE,FALSE,FALSE,
,,Aryo,4-seam fastball,TRUE,TRUE,1,0,2,FALSE,FALSE,FALSE,
,,Bowles,Curveball,FALSE,FALSE,0,0,2,TRUE,TRUE,FALSE,
,,Bowles,4-seam fastball,TRUE,TRUE,1,0,2,FALSE,FALSE,FALSE,
,,Bowles,2-seam fastball,FALSE,FALSE,1,1,2,FALSE,FALSE,FALSE,
,,Bowles,Curveball,FALSE,FALSE,2,1,2,FALSE,FALSE,FALSE,
,,Bowles,2-seam fastball,TRUE,TRUE,3,1,2,FALSE,FALSE,FALSE,
,,Bowles,Curveball,FALSE,FALSE,2,2,2,FALSE,FALSE,FALSE,
,,Simms,2-seam fastball,FALSE,FALSE,0,0,2,TRUE,TRUE,TRUE,
,,Simms,2-seam fastball,FALSE,FALSE,1,0,2,FALSE,FALSE,FALSE,
,,Simms,2-seam fastball,TRUE,FALSE,2,0,2,FALSE,FALSE,FALSE,
,,Simms,Cutter,FALSE,FALSE,2,1,2,FALSE,FALSE,FALSE,
,,Simms,Cutter,FALSE,FALSE,3,1,2,FALSE,FALSE,FALSE,
,,Rak,2-seam fastball,TRUE,TRUE,0,0,2,TRUE,TRUE,TRUE,
Simms,Jakin,Dom,4-seam fastball,FALSE,FALSE,0,0,,FALSE,FALSE,FALSE,
,,Dom,4-seam fastball,FALSE,FALSE,1,0,0,FALSE,FALSE,FALSE,
,,Dom,4-seam fastball,FALSE,FALSE,2,0,0,FALSE,FALSE,FALSE,
,,Dom,4-seam fastball,TRUE,FALSE,3,0,0,FALSE,FALSE,FALSE,
,,Dom,Curveball,FALSE,FALSE,3,1,0,FALSE,FALSE,FALSE,
,,Parker,Curveball,TRUE,FALSE,0,0,0,TRUE,FALSE,FALSE,
,,Parker,4-seam fastball,FALSE,FALSE,0,1,0,FALSE,FALSE,FALSE,
,,Parker,4-seam fastball,TRUE,TRUE,1,1,0,FALSE,TRUE,FALSE,
,,Parker,Curveball,TRUE,TRUE,1,2,0,FALSE,FALSE,FALSE,
,,Plant,4-seam fastball,FALSE,FALSE,0,0,1,FALSE,FALSE,FALSE,
,,Plant,Curveball,TRUE,TRUE,0,0,1,FALSE,FALSE,TRUE,
,,Aryo,4-seam fastball,FALSE,FALSE,0,0,1,TRUE,FALSE,FALSE,
,,Aryo,4-seam fastball,TRUE,TRUE,1,0,1,FALSE,FALSE,FALSE,
,,ARyo,Changeup,FALSE,FALSE,1,1,1,FALSE,FALSE,FALSE,
,,ARyo,4-seam fastball,FALSE,FALSE,2,1,1,FALSE,FALSE,FALSE,
,,Aryo,4-seam fastball,TRUE,TRUE,2,2,1,FALSE,FALSE,FALSE,
,,Aryo,Curveball,FALSE,FALSE,3,2,1,FALSE,FALSE,FALSE,
,,Aryo,4-seam fastball,TRUE,TRUE,3,2,1,FALSE,FALSE,FALSE,
,,Bowles,4-seam fastball,TRUE,TRUE,0,0,2,FALSE,TRUE,FALSE,
,,Bowles,4-seam fastball,FALSE,FALSE,0,1,2,FALSE,FALSE,FALSE,
,,Bowles,Curveball,FALSE,FALSE,1,1,2,FALSE,FALSE,FALSE,
,,Bowles,4-seam fastball,TRUE,TRUE,2,1,2,FALSE,FALSE,FALSE,
Parker,Ethan D,Simms,4-seam fastball,FALSE,FALSE,0,0,0,FALSE,FALSE,FALSE,
,,Simms,Slider,FALSE,FALSE,1,0,0,FALSE,FALSE,FALSE,
,,Simms,4-seam fastball,TRUE,TRUE,2,0,0,FALSE,FALSE,FALSE,
,,Simms,Slider,TRUE,TRUE,2,1,0,FALSE,FALSE,FALSE,
,,Rak,Slider,FALSE,TRUE,0,0,0,TRUE,FALSE,FALSE,
,,Rak,4-seam fastball,TRUE,FALSE,0,1,0,FALSE,FALSE,FALSE,
,,Rak,4-seam fastball,FALSE,TRUE,0,2,0,FALSE,FALSE,FALSE,
,,Dom,Changeup,FALSE,FALSE,0,0,1,TRUE,FALSE,FALSE,
,,Dom,4-seam fastball,FALSE,FALSE,1,0,1,FALSE,FALSE,FALSE,
,,Dom,4-seam fastball,FALSE,FALSE,2,0,1,FALSE,FALSE,FALSE,
,,Dom,4-seam fastball,TRUE,TRUE,3,0,1,FALSE,FALSE,FALSE,
,,Dom,4-seam fastball,TRUE,FALSE,3,1,1,FALSE,FALSE,FALSE,
,,Dom,4-seam fastball,FALSE,FALSE,3,2,1,FALSE,FALSE,FALSE,
,,Plant,4-seam fastball,FALSE,FALSE,0,0,1,TRUE,TRUE,FALSE,
,,Plant,4-seam fastball,TRUE,TRUE,1,0,1,FALSE,FALSE,FALSE,
,,Plant,Changeup,FALSE,FALSE,1,1,1,FALSE,FALSE,FALSE,
,,Plant,Slider,FALSE,FALSE,2,1,1,FALSE,FALSE,FALSE,
,,Plant,4-seam fastball,TRUE,FALSE,3,1,1,FALSE,FALSE,FALSE,
,,Plant,4-seam fastball,TRUE,TRUE,3,2,1,FALSE,FALSE,FALSE,
,,Aryo,4-seam fastball,FALSE,FALSE,0,0,2,TRUE,TRUE,FALSE,
,,Aryo,4-seam fastball,FALSE,FALSE,1,0,2,FALSE,FALSE,FALSE,
,,Aryo,4-seam fastball,TRUE,FALSE,2,0,2,FALSE,FALSE,FALSE,
,,Aryo,Slider,FALSE,TRUE,2,1,2,FALSE,FALSE,FALSE,
,,Aryo,Slider,FALSE,TRUE,2,2,2,FALSE,FALSE,FALSE,
Simms,Jakin,bowles,4-seam fastball,TRUE,TRUE,0,0,0,FALSE,FALSE,FALSE,
,,bowles,Curveball,TRUE,FALSE,0,1,0,FALSE,FALSE,FALSE,
,,bowles,4-seam fastball,FALSE,FALSE,0,2,0,FALSE,FALSE,FALSE,
,,bowles,Curveball,FALSE,FALSE,1,2,0,FALSE,FALSE,FALSE,
,,bowles,4-seam fastball,FALSE,FALSE,2,2,0,FALSE,FALSE,FALSE,
,,bowles,4-seam fastball,FALSE,FALSE,3,2,0,FALSE,FALSE,FALSE,
,,Rak,4-seam fastball,FALSE,FALSE,0,0,0,TRUE,FALSE,FALSE,
,,Rak,4-seam fastball,FALSE,FALSE,1,0,0,FALSE,FALSE,FALSE,
,,Rak,4-seam fastball,TRUE,TRUE,2,0,0,FALSE,FALSE,FALSE,
,,Dom,Curveball,FALSE,FALSE,0,0,1,TRUE,FALSE,FALSE,
,,Dom,4-seam fastball,FALSE,FALSE,1,0,1,FALSE,FALSE,FALSE,
,,Dom,4-seam fastball,FALSE,FALSE,2,0,1,FALSE,FALSE,FALSE,
,,Dom,4-seam fastball,FALSE,FALSE,3,0,1,FALSE,FALSE,FALSE,
,,Parker,4-seam fastball,TRUE,TRUE,0,0,1,TRUE,TRUE,FALSE,
,,Parker,4-seam fastball,FALSE,FALSE,0,0,2,TRUE,FALSE,TRUE,
,,Plant,Curveball,TRUE,FALSE,1,0,2,FALSE,TRUE,FALSE,
,,Plant,Changeup,FALSE,TRUE,1,1,2,FALSE,FALSE,FALSE,
,,Plant,4-seam fastball,FALSE,FALSE,1,2,2,FALSE,FALSE,FALSE,
,,Plant,4-seam fastball,FALSE,FALSE,2,2,2,FALSE,FALSE,FALSE,
,,Plant,Curveball,FALSE,FALSE,3,2,2,FALSE,FALSE,TRUE,
,,Aryo,4-seam fastball,TRUE,TRUE,0,0,2,TRUE,FALSE,TRUE,
,,Aryo,Changeup,FALSE,FALSE,0,1,2,FALSE,FALSE,FALSE,
,,Aryo,4-seam fastball,FALSE,FALSE,1,1,2,FALSE,FALSE,FALSE,
,,Aryo,4-seam fastball,TRUE,FALSE,2,1,2,FALSE,FALSE,FALSE,
,,Aryo,4-seam fastball,FALSE,FALSE,2,2,2,FALSE,FALSE,FALSE,
,,Aryo,4-seam fastball,TRUE,TRUE,3,2,2,FALSE,FALSE,FALSE,
Parker,Ethan D,bowles,4-seam fastball,FALSE,FALSE,0,0,0,FALSE,FALSE,FALSE,
,,bowles,4-seam fastball,TRUE,TRUE,1,0,0,FALSE,FALSE,FALSE,
,,Simms,Slider,TRUE,FALSE,0,0,1,FALSE,FALSE,FALSE,
,,Simms,4-seam fastball,TRUE,TRUE,0,1,1,FALSE,FALSE,FALSE,
Simms,Jakin,Rak,4-seam fastball,FALSE,FALSE,0,0,0,FALSE,FALSE,FALSE,
,,Rak,4-seam fastball,FALSE,FALSE,1,0,0,FALSE,FALSE,FALSE,
,,Rak,4-seam fastball,TRUE,TRUE,2,0,0,FALSE,FALSE,FALSE,
,,Dom,4-seam fastball,TRUE,TRUE,0,0,0,TRUE,FALSE,FALSE,
Parker,Eddie,Plant,4-seam fastball,TRUE,FALSE,0,0,0,FALSE,FALSE,FALSE,
,,Plant,Changeup,TRUE,TRUE,0,1,0,FALSE,FALSE,FALSE,
,,Plant,Slider,FALSE,FALSE,0,2,0,FALSE,FALSE,FALSE,
,,Plant,4-seam fastball,TRUE,TRUE,1,2,0,FALSE,FALSE,FALSE,
,,Plant,Slider,TRUE,FALSE,1,2,0,FALSE,FALSE,FALSE,
,,Aryo,4-seam fastball,TRUE,FALSE,0,0,1,FALSE,FALSE,FALSE,
,,Aryo,Changeup,FALSE,FALSE,0,1,1,FALSE,FALSE,FALSE,
,,Aryo,2-seam fastball,FALSE,FALSE,1,1,1,FALSE,FALSE,FALSE,
,,Aryo,2-seam fastball,TRUE,TRUE,2,1,1,FALSE,FALSE,FALSE,
,,aryo,4-seam fastball,FALSE,FALSE,2,2,1,FALSE,FALSE,FALSE,
,,aryo,Changeup,TRUE,FALSE,3,2,1,FALSE,FALSE,FALSE,
,,bowles,Slider,FALSE,FALSE,0,0,2,FALSE,FALSE,FALSE,
,,bowles,4-seam fastball,FALSE,FALSE,1,0,2,FALSE,FALSE,FALSE,
,,bowles,2-seam fastball,FALSE,FALSE,2,0,2,FALSE,FALSE,FALSE,
,,bowles,2-seam fastball,FALSE,FALSE,3,0,2,FALSE,FALSE,FALSE,
,,Simms,Slider,FALSE,FALSE,0,0,2,TRUE,FALSE,FALSE,
,,Simms,4-seam fastball,FALSE,FALSE,1,0,2,FALSE,FALSE,FALSE,
,,Simms,2-seam fastball,TRUE,FALSE,2,0,2,FALSE,FALSE,FALSE,
,,Simms,4-seam fastball,TRUE,TRUE,2,1,2,FALSE,FALSE,FALSE,
,,Simms,4-seam fastball,FALSE,FALSE,2,2,2,FALSE,FALSE,FALSE,
,,Simms,4-seam fastball,FALSE,FALSE,3,2,2,FALSE,FALSE,FALSE,
,,Rak,4-seam fastball,FALSE,FALSE,0,0,2,TRUE,TRUE,FALSE,
,,Rak,2-seam fastball,FALSE,TRUE,1,0,2,FALSE,FALSE,FALSE,
,,Rak,2-seam fastball,TRUE,TRUE,1,1,2,FALSE,FALSE,FALSE,
,,Rak,2-seam fastball,FALSE,FALSE,1,2,2,FALSE,FALSE,FALSE,
,,Rak,Changeup,FALSE,FALSE,2,2,2,FALSE,FALSE,FALSE,
,,Rak,4-seam fastball,TRUE,TRUE,3,2,2,FALSE,FALSE,FALSE,
,,Dom,4-seam fastball,FALSE,FALSE,0,0,2,TRUE,TRUE,TRUE,
,,Plant,4-seam fastball,TRUE,TRUE,0,0,2,TRUE,TRUE,TRUE,
,,Plant,Slider,FALSE,FALSE,0,1,2,FALSE,FALSE,FALSE,
,,Plant,4-seam fastball,TRUE,TRUE,1,1,2,FALSE,FALSE,FALSE,
Simms,Coop,Horn,2-seam fastball,FALSE,FALSE,0,0,0,FALSE,FALSE,FALSE,
,,Horn,2-seam fastball,TRUE,TRUE,1,0,0,FALSE,FALSE,FALSE,
,,Horn,Slider,FALSE,FALSE,1,1,0,FALSE,FALSE,FALSE,
,,Horn,2-seam fastball,FALSE,FALSE,2,1,0,FALSE,FALSE,FALSE,
,,Horn,2-seam fastball,FALSE,FALSE,3,1,0,FALSE,FALSE,FALSE,
,,Grier,2-seam fastball,TRUE,FALSE,0,0,0,TRUE,FALSE,FALSE,
,,Grier,Slider,FALSE,FALSE,0,1,0,FALSE,FALSE,FALSE,
,,Grier,2-seam fastball,FALSE,FALSE,1,1,0,FALSE,FALSE,FALSE,
,,Grier,Slider,FALSE,FALSE,2,1,0,FALSE,FALSE,FALSE,
,,Grier,2-seam fastball,TRUE,TRUE,3,1,0,FALSE,FALSE,FALSE,
,,Tyson,2-seam fastball,TRUE,TRUE,0,0,2,FALSE,FALSE,FALSE,
,,Tyson,2-seam fastball,TRUE,TRUE,0,1,2,FALSE,FALSE,FALSE,
,,Tyson,Changeup,FALSE,FALSE,0,2,2,FALSE,FALSE,FALSE,
,,Tyson,2-seam fastball,TRUE,FALSE,1,2,2,FALSE,FALSE,FALSE,
Parker,Eddie,Dex,4-seam fastball,FALSE,FALSE,0,0,0,FALSE,FALSE,FALSE,
Parker,,Dex,4-seam fastball,FALSE,FALSE,1,0,0,FALSE,FALSE,FALSE,
,,Dex,2-seam fastball,TRUE,FALSE,2,0,0,FALSE,FALSE,FALSE,
,,Dex,2-seam fastball,TRUE,TRUE,2,1,0,FALSE,FALSE,FALSE,
,,Dex,Changeup,FALSE,FALSE,2,2,0,FALSE,FALSE,FALSE,
,,Dex,2-seam fastball,TRUE,TRUE,3,2,0,FALSE,FALSE,FALSE,
,,Dex,2-seam fastball,FALSE,FALSE,3,2,0,FALSE,FALSE,FALSE,
,,Fast,2-seam fastball,FALSE,FALSE,0,0,0,TRUE,FALSE,FALSE,
,,Fast,Changeup,TRUE,FALSE,1,0,0,FALSE,FALSE,FALSE,
,,Fast,4-seam fastball,FALSE,FALSE,1,1,0,FALSE,FALSE,FALSE,
,,Fast,2-seam fastball,TRUE,TRUE,2,1,0,FALSE,FALSE,FALSE,
,,Fast,2-seam fastball,TRUE,TRUE,2,2,0,FALSE,FALSE,FALSE,
,,Simms,2-seam fastball,TRUE,TRUE,0,0,1,TRUE,FALSE,FALSE,
,,Simms,2-seam fastball,TRUE,TRUE,0,0,2,FALSE,FALSE,FALSE,
Simms,Coop,Grier,Slider,FALSE,FALSE,0,0,0,FALSE,FALSE,FALSE,
,,Grier,2-seam fastball,FALSE,TRUE,1,0,0,FALSE,FALSE,FALSE,
,,Grier,2-seam fastball,FALSE,FALSE,1,1,0,FALSE,FALSE,FALSE,
,,Grier,Slider,FALSE,FALSE,2,1,0,FALSE,FALSE,FALSE,
,,Grier,2-seam fastball,TRUE,FALSE,3,1,0,FALSE,FALSE,FALSE,
,,Grier,Slider,FALSE,TRUE,3,2,0,FALSE,FALSE,FALSE,
,,Tyson,2-seam fastball,FALSE,TRUE,0,0,0,TRUE,FALSE,FALSE,
,,Tyson,2-seam fastball,FALSE,FALSE,0,1,0,FALSE,FALSE,FALSE,
,,Tyson,2-seam fastball,TRUE,TRUE,1,1,0,FALSE,TRUE,FALSE,
,,Tyson,Changeup,FALSE,FALSE,1,2,0,FALSE,FALSE,TRUE,
,,Tyson,Slider,TRUE,TRUE,2,2,0,FALSE,FALSE,FALSE,
,,Tyson,2-seam fastball,FALSE,FALSE,0,0,0,FALSE,FALSE,FALSE,
,,Dex,2-seam fastball,TRUE,TRUE,0,0,1,FALSE,FALSE,FALSE,
,,Dex,Slider,FALSE,FALSE,0,1,1,FALSE,FALSE,FALSE,
,,Dex,Slider,FALSE,FALSE,1,1,1,FALSE,FALSE,FALSE,
,,Dex,Slider,TRUE,TRUE,2,1,1,FALSE,FALSE,FALSE,
,,Dex,Slider,TRUE,TRUE,2,2,1,FALSE,FALSE,FALSE,
,,Parker,4-seam fastball,FALSE,FALSE,0,0,2,FALSE,FALSE,FALSE,
,,Fast,2-seam fastball,FALSE,FALSE,0,0,2,TRUE,FALSE,FALSE,
,,Horn,2-seam fastball,TRUE,TRUE,0,0,2,TRUE,TRUE,FALSE,
,,Horn,Changeup,FALSE,FALSE,0,1,2,FALSE,FALSE,FALSE,
,,Horn,2-seam fastball,TRUE,FALSE,1,1,2,FALSE,FALSE,FALSE,
,,Horn,Slider,TRUE,TRUE,1,2,2,FALSE,FALSE,FALSE,
,,Horn,Changeup,FALSE,FALSE,1,2,2,FALSE,FALSE,FALSE,
,,Horn,2-seam fastball,FALSE,FALSE,2,2,2,FALSE,FALSE,FALSE,
,,Horn,Changeup,FALSE,FALSE,3,2,2,FALSE,FALSE,FALSE,
,,Grier,2-seam fastball,TRUE,TRUE,0,0,2,TRUE,TRUE,TRUE,
,,Grier,Slider,TRUE,TRUE,0,1,2,FALSE,FALSE,FALSE,
,,Grier,2-seam fastball,FALSE,TRUE,0,2,2,FALSE,FALSE,FALSE,
Parker,Eddie,Tyson,Changeup,FALSE,TRUE,0,0,0,FALSE,FALSE,FALSE,
,,Tyson,Changeup,FALSE,TRUE,0,1,0,FALSE,FALSE,FALSE,
,,Tyson,Changeup,FALSE,TRUE,0,2,0,FALSE,FALSE,FALSE,
,,Dex,2-seam fastball,TRUE,TRUE,0,0,1,FALSE,FALSE,FALSE,
,,Dex,Slider,TRUE,FALSE,0,1,1,FALSE,FALSE,FALSE,
,,Dex,2-seam fastball,TRUE,TRUE,0,2,1,FALSE,FALSE,FALSE,
,,Fast,2-seam fastball,TRUE,TRUE,0,0,2,FALSE,FALSE,FALSE,
,,Fast,Slider,TRUE,FALSE,0,1,2,FALSE,FALSE,FALSE,
,,Fast,Curveball,FALSE,TRUE,0,2,2,FALSE,FALSE,FALSE,
Simms,Coop,Horn,2-seam fastball,TRUE,TRUE,0,0,0,FALSE,FALSE,FALSE,
,,Grier,Changeup,FALSE,FALSE,0,0,0,TRUE,FALSE,FALSE,
,,Grier,2-seam fastball,FALSE,FALSE,1,0,0,FALSE,FALSE,FALSE,
,,Grier,2-seam fastball,FALSE,FALSE,2,0,0,FALSE,FALSE,FALSE,
,,Grier,4-seam fastball,FALSE,FALSE,3,0,0,FALSE,TRUE,FALSE,
,,Tyson,2-seam fastball,FALSE,FALSE,1,0,0,TRUE,TRUE,FALSE,
,,Tyson,2-seam fastball,FALSE,FALSE,2,0,0,FALSE,FALSE,FALSE,
,,Tyson,Changeup,TRUE,FALSE,2,1,0,FALSE,FALSE,FALSE,
,,Tyson,2-seam fastball,TRUE,TRUE,2,2,0,FALSE,FALSE,FALSE,
,,Dex,2-seam fastball,FALSE,FALSE,0,0,1,FALSE,FALSE,FALSE,
Parker,Eddie,Simms,2-seam fastball,FALSE,FALSE,0,0,0,FALSE,FALSE,FALSE,
,,Simms,2-seam fastball,TRUE,TRUE,1,0,0,FALSE,FALSE,FALSE,
Simms,Coop,Horn,2-seam fastball,TRUE,TRUE,0,0,0,FALSE,FALSE,FALSE,
,,Horn,Changeup,FALSE,FALSE,0,1,0,FALSE,FALSE,FALSE,
,,Horn,2-seam fastball,FALSE,FALSE,1,1,0,FALSE,FALSE,FALSE,
,,Horn,Slider,TRUE,FALSE,2,1,0,FALSE,FALSE,FALSE,
,,Horn,2-seam fastball,FALSE,FALSE,2,2,0,FALSE,FALSE,FALSE,
,,Horn,2-seam fastball,TRUE,FALSE,3,2,0,FALSE,FALSE,FALSE,
,,Grier,2-seam fastball,FALSE,FALSE,0,0,0,FALSE,FALSE,FALSE,
,,Grier,2-seam fastball,FALSE,FALSE,1,0,0,FALSE,FALSE,FALSE,
,,Grier,Slider,FALSE,FALSE,2,0,0,FALSE,FALSE,FALSE,
,,Grier,2-seam fastball,FALSE,FALSE,3,0,0,FALSE,FALSE,FALSE,
Parker,Linder,Tyson,4-seam fastball,TRUE,FALSE,0,0,0,FALSE,FALSE,FALSE,
,,Tyson,2-seam fastball,TRUE,FALSE,0,1,0,FALSE,FALSE,FALSE,
,,Tyson,4-seam fastball,TRUE,TRUE,0,2,0,FALSE,FALSE,FALSE,
,,Dex,4-seam fastball,TRUE,TRUE,0,0,1,FALSE,FALSE,FALSE,
,,Fast,4-seam fastball,FALSE,FALSE,0,0,2,FALSE,FALSE,FALSE,
,,Fast,4-seam fastball,TRUE,FALSE,1,0,2,FALSE,FALSE,FALSE,
,,Fast,Changeup,FALSE,FALSE,1,1,2,FALSE,FALSE,FALSE,
,,Fast,4-seam fastball,FALSE,TRUE,2,1,2,FALSE,FALSE,FALSE,
,,Fast,4-seam fastball,TRUE,FALSE,2,2,2,FALSE,FALSE,FALSE,
